-- MariaDB dump 10.19  Distrib 10.4.22-MariaDB, for Win64 (AMD64)
--
-- Host: localhost    Database: updateprecios
-- ------------------------------------------------------
-- Server version	10.4.22-MariaDB

/*!40101 SET @OLD_CHARACTER_SET_CLIENT=@@CHARACTER_SET_CLIENT */;
/*!40101 SET @OLD_CHARACTER_SET_RESULTS=@@CHARACTER_SET_RESULTS */;
/*!40101 SET @OLD_COLLATION_CONNECTION=@@COLLATION_CONNECTION */;
/*!40101 SET NAMES utf8mb4 */;
/*!40103 SET @OLD_TIME_ZONE=@@TIME_ZONE */;
/*!40103 SET TIME_ZONE='+00:00' */;
/*!40014 SET @OLD_UNIQUE_CHECKS=@@UNIQUE_CHECKS, UNIQUE_CHECKS=0 */;
/*!40014 SET @OLD_FOREIGN_KEY_CHECKS=@@FOREIGN_KEY_CHECKS, FOREIGN_KEY_CHECKS=0 */;
/*!40101 SET @OLD_SQL_MODE=@@SQL_MODE, SQL_MODE='NO_AUTO_VALUE_ON_ZERO' */;
/*!40111 SET @OLD_SQL_NOTES=@@SQL_NOTES, SQL_NOTES=0 */;

--
-- Table structure for table `areas`
--

DROP TABLE IF EXISTS `areas`;
/*!40101 SET @saved_cs_client     = @@character_set_client */;
/*!40101 SET character_set_client = utf8 */;
CREATE TABLE `areas` (
  `id_area` int(11) NOT NULL AUTO_INCREMENT,
  `are_nombre` varchar(45) COLLATE utf8_spanish_ci NOT NULL,
  PRIMARY KEY (`id_area`)
) ENGINE=InnoDB AUTO_INCREMENT=11 DEFAULT CHARSET=utf8 COLLATE=utf8_spanish_ci;
/*!40101 SET character_set_client = @saved_cs_client */;

--
-- Dumping data for table `areas`
--

LOCK TABLES `areas` WRITE;
/*!40000 ALTER TABLE `areas` DISABLE KEYS */;
INSERT INTO `areas` VALUES (1,'CAJA'),(2,'COMERCIAL'),(3,'CARTERA'),(4,'CONTABILIDAD'),(5,'COMPRAS'),(6,'INVENTARIOS'),(7,'TESORERIA'),(8,'PROCESOS'),(9,'RRHH'),(10,'SISTEMAS');
/*!40000 ALTER TABLE `areas` ENABLE KEYS */;
UNLOCK TABLES;

--
-- Table structure for table `histprecios`
--

DROP TABLE IF EXISTS `histprecios`;
/*!40101 SET @saved_cs_client     = @@character_set_client */;
/*!40101 SET character_set_client = utf8 */;
CREATE TABLE `histprecios` (
  `id_precios` int(11) NOT NULL AUTO_INCREMENT,
  `id_operador` int(11) NOT NULL,
  `pre_refere` varchar(100) NOT NULL,
  `pre_produc` varchar(250) DEFAULT NULL,
  `pre_lista` varchar(100) NOT NULL,
  `pre_preant` decimal(18,4) NOT NULL,
  `pre_prenew` decimal(18,4) NOT NULL,
  `pre_fecope` timestamp NOT NULL DEFAULT current_timestamp(),
  `pre_fecupd` timestamp NOT NULL DEFAULT current_timestamp() ON UPDATE current_timestamp(),
  PRIMARY KEY (`id_precios`)
) ENGINE=InnoDB AUTO_INCREMENT=331 DEFAULT CHARSET=utf8mb4;
/*!40101 SET character_set_client = @saved_cs_client */;

--
-- Dumping data for table `histprecios`
--

LOCK TABLES `histprecios` WRITE;
/*!40000 ALTER TABLE `histprecios` DISABLE KEYS */;
INSERT INTO `histprecios` VALUES (1,2,'020202002','(SP)ESCURRIDOR DE VERDURAS CLASICO','MOSTRADOR L0',50470.0000,42600.0000,'2024-03-04 16:59:00','2024-03-04 16:59:00'),(2,2,'020202002','(SP)ESCURRIDOR DE VERDURAS CLASICO','OBRAS L1',47950.0000,41000.0000,'2024-03-04 16:59:39','2024-03-04 16:59:39'),(3,2,'020202002','(SP)ESCURRIDOR DE VERDURAS CLASICO','DISTRIBUCION L2',45560.0000,39900.0000,'2024-03-04 17:00:00','2024-03-04 17:00:00'),(4,2,'020202002','(SP)ESCURRIDOR DE VERDURAS CLASICO','LD L3',44650.0000,0.0000,'2024-03-04 17:00:23','2024-03-04 17:00:23'),(5,2,'020202002','(SP)ESCURRIDOR DE VERDURAS CLASICO','FERRESUMINISTROS L8',45560.0000,35500.0000,'2024-03-04 17:00:50','2024-03-04 17:00:50'),(6,2,'020202002','(SP)ESCURRIDOR DE VERDURAS CLASICO','BRILLA L7',55812.5000,47900.0000,'2024-03-04 17:01:12','2024-03-04 17:01:12'),(7,5,'010113002','TUBO CONDUIT TIGRE 3/4 X3MTS','MOSTRADOR L0',4350.0000,6300.0000,'2024-08-29 15:49:22','2024-08-29 15:49:22'),(8,5,'010113002','TUBO CONDUIT TIGRE 3/4 X3MTS','OBRAS L1',0.0000,5500.0000,'2024-08-29 15:49:35','2024-08-29 15:49:35'),(9,5,'010113002','TUBO CONDUIT TIGRE 3/4 X3MTS','DISTRIBUCION L2',3528.4900,4500.0000,'2024-08-29 15:49:47','2024-08-29 15:49:47'),(10,5,'011201021           ','(D)CAJA PLAST 4X4 ELECTRICA VERDE','OBRAS L1',0.0000,900.0000,'2024-08-29 15:51:06','2024-08-29 15:51:06'),(11,5,'011201021','(D)CAJA PLAST 4X4 ELECTRICA VERDE','DISTRIBUCION L2',0.0000,800.0000,'2024-08-29 15:51:12','2024-08-29 15:51:12'),(12,5,'030103009           ','(D)SALIDA COAXIAL TV AMER SENCI. GALICA','METROPOLIS L0',5750.0000,6200.0000,'2024-08-29 15:52:46','2024-08-29 15:52:46'),(13,5,'030103009           ','(D)SALIDA COAXIAL TV AMER SENCI. GALICA','METROPOLIS L1',0.0000,5600.0000,'2024-08-29 15:53:02','2024-08-29 15:53:02'),(14,5,'030103009','(D)SALIDA COAXIAL TV AMER SENCI. GALICA','METROPOLIS L2',5100.0000,5000.0000,'2024-08-29 15:53:06','2024-08-29 15:53:06'),(15,5,'011202990','UNION SANITARIA REDUCIDA 4X3','OBRAS L1',0.0000,5000.0000,'2024-08-29 21:43:44','2024-08-29 21:43:44'),(16,5,'011202990','UNION SANITARIA REDUCIDA 4X3','DISTRIBUCION L2',5992.9000,4500.0000,'2024-08-29 21:43:51','2024-08-29 21:43:51'),(17,5,'020119003','LLAVE PASO M/REDOND C/PUERT FERMETAL 3/4','OBRAS L1',0.0000,86500.0000,'2024-08-29 21:44:22','2024-08-29 21:44:22'),(18,5,'030101054           ','CAJA PLAST C/PROTECTOR CILES 2 CIRC','OBRAS L1',0.0000,20000.0000,'2024-08-29 21:44:49','2024-08-29 21:44:49'),(19,5,'030101054','CAJA PLAST C/PROTECTOR CILES 2 CIRC','DISTRIBUCION L2',21140.0000,15000.0000,'2024-08-29 21:44:55','2024-08-29 21:44:55'),(20,5,'030312022','(SP)PROTECTOR VOLTAJE FERMETAL 30A -220W','MOSTRADOR L0',0.0000,178900.0000,'2024-08-31 14:13:21','2024-08-31 14:13:21'),(21,5,'030312022','(SP)PROTECTOR VOLTAJE FERMETAL 30A -220W','OBRAS L1',0.0000,150000.0000,'2024-08-31 14:13:26','2024-08-31 14:13:26'),(22,5,'030312022','(SP)PROTECTOR VOLTAJE FERMETAL 30A -220W','DISTRIBUCION L2',0.0000,130000.0000,'2024-08-31 14:13:34','2024-08-31 14:13:34'),(23,5,'030360002','(D)TABACO INTERPERIE','METROPOLIS L1',0.0000,1200.0000,'2024-08-31 14:13:45','2024-08-31 14:13:45'),(24,5,'040402034','(SP)PUNTAS ROJ/NEG PINZA VOLTI UNI-T M-87','OBRAS L1',0.0000,55000.0000,'2024-08-31 14:13:59','2024-08-31 14:13:59'),(25,5,'040402034','(SP)PUNTAS ROJ/NEG PINZA VOLTI UNI-T M-87','DISTRIBUCION L2',0.0000,50000.0000,'2024-08-31 14:14:04','2024-08-31 14:14:04'),(26,5,'040403003','(SP)CABLE NEXANS 7 HILOS # 10','MOSTRADOR L0',0.0000,7900.0000,'2024-08-31 14:14:29','2024-08-31 14:14:29'),(27,5,'040403003','(SP)CABLE NEXANS 7 HILOS # 10','OBRAS L1',0.0000,6700.0000,'2024-08-31 14:14:42','2024-08-31 14:14:42'),(28,5,'040403003','(SP)CABLE NEXANS 7 HILOS # 10','DISTRIBUCION L2',2765.0000,6300.0000,'2024-08-31 14:14:52','2024-08-31 14:14:52'),(29,5,'040404026','ALAMBRE PROCABLE AMARILLO #12','MOSTRADOR L0',0.0000,257200.0000,'2024-08-31 14:16:13','2024-08-31 14:16:13'),(30,5,'040404026','ALAMBRE PROCABLE AMARILLO #12','OBRAS L1',0.0000,240000.0000,'2024-08-31 14:16:40','2024-08-31 14:16:40'),(31,5,'040404026','ALAMBRE PROCABLE AMARILLO #12','DISTRIBUCION L2',0.0000,230000.0000,'2024-08-31 14:16:46','2024-08-31 14:16:46'),(32,5,'050501016','(SP)CIERRA PUERTAS YALE 45KG','MOSTRADOR L0',0.0000,141500.0000,'2024-08-31 14:20:44','2024-08-31 14:20:44'),(33,5,'050501016','(SP)CIERRA PUERTAS YALE 45KG','OBRAS L1',0.0000,123700.0000,'2024-08-31 14:20:58','2024-08-31 14:20:58'),(34,5,'050501016','(SP)CIERRA PUERTAS YALE 45KG','DISTRIBUCION L2',0.0000,100000.0000,'2024-08-31 14:21:21','2024-08-31 14:21:21'),(35,5,'050502017','ABRAZADERA PLASTICA NEGRA 7.6X700MM','MOSTRADOR L0',0.0000,500.0000,'2024-08-31 14:34:10','2024-08-31 14:34:10'),(36,5,'050502017','ABRAZADERA PLASTICA NEGRA 7.6X700MM','MOSTRADOR L0',500.0000,800.0000,'2024-08-31 14:34:24','2024-08-31 14:34:24'),(37,5,'050502017','ABRAZADERA PLASTICA NEGRA 7.6X700MM','OBRAS L1',0.0000,700.0000,'2024-08-31 14:34:31','2024-08-31 14:34:31'),(38,5,'050502017','ABRAZADERA PLASTICA NEGRA 7.6X700MM','DISTRIBUCION L2',0.0000,650.0000,'2024-08-31 14:34:36','2024-08-31 14:34:36'),(39,5,'050502018','ABRAZADERA PLASTICA NEGRA 7.2X600','MOSTRADOR L0',0.0000,500.0000,'2024-08-31 14:35:28','2024-08-31 14:35:28'),(40,5,'050502018','ABRAZADERA PLASTICA NEGRA 7.2X600','OBRAS L1',0.0000,450.0000,'2024-08-31 14:35:33','2024-08-31 14:35:33'),(41,5,'050502018','ABRAZADERA PLASTICA NEGRA 7.2X600','DISTRIBUCION L2',0.0000,450.0000,'2024-08-31 14:35:38','2024-08-31 14:35:38'),(42,5,'050504036','TAPON CAUCHO P/MULETA GRANDE','MOSTRADOR L0',0.0000,4000.0000,'2024-08-31 14:35:55','2024-08-31 14:35:55'),(43,5,'050504036','TAPON CAUCHO P/MULETA GRANDE','OBRAS L1',0.0000,3500.0000,'2024-08-31 14:35:59','2024-08-31 14:35:59'),(44,5,'050504036','TAPON CAUCHO P/MULETA GRANDE','DISTRIBUCION L2',0.0000,3300.0000,'2024-08-31 14:36:08','2024-08-31 14:36:08'),(45,5,'050504037','TAPON CAUCHO P/MULETA','MOSTRADOR L0',0.0000,2400.0000,'2024-08-31 14:36:34','2024-08-31 14:36:34'),(46,5,'050504037','TAPON CAUCHO P/MULETA','OBRAS L1',0.0000,2000.0000,'2024-08-31 14:36:39','2024-08-31 14:36:39'),(47,5,'050504037','TAPON CAUCHO P/MULETA','DISTRIBUCION L2',0.0000,1700.0000,'2024-08-31 14:36:49','2024-08-31 14:36:49'),(48,5,'050512051','CINTA TEFLON IMPORT 12MMX10MTS','MOSTRADOR L0',0.0000,798.0000,'2024-08-31 14:37:05','2024-08-31 14:37:05'),(49,5,'050512051','CINTA TEFLON IMPORT 12MMX10MTS','OBRAS L1',0.0000,740.0000,'2024-08-31 14:37:13','2024-08-31 14:37:13'),(50,5,'050512051','CINTA TEFLON IMPORT 12MMX10MTS','DISTRIBUCION L2',0.0000,700.0000,'2024-08-31 14:37:18','2024-08-31 14:37:18'),(51,5,'050512055','CINTA AISLANTE NEGRA CILES 18MMX5','MOSTRADOR L0',0.0000,2600.0000,'2024-08-31 15:40:17','2024-08-31 15:40:17'),(52,5,'050512055','CINTA AISLANTE NEGRA CILES 18MMX5','OBRAS L1',0.0000,2400.0000,'2024-08-31 15:40:31','2024-08-31 15:40:31'),(53,5,'050512055','CINTA AISLANTE NEGRA CILES 18MMX5','DISTRIBUCION L2',0.0000,2100.0000,'2024-08-31 15:40:36','2024-08-31 15:40:36'),(54,5,'050512056','CINTA AISLANTE TITANIUM NEGRA 18MMX15MTR','MOSTRADOR L0',0.0000,1900.0000,'2024-08-31 15:40:55','2024-08-31 15:40:55'),(55,5,'050512056','CINTA AISLANTE TITANIUM NEGRA 18MMX15MTR','OBRAS L1',0.0000,1500.0000,'2024-08-31 15:41:07','2024-08-31 15:41:07'),(56,5,'050512056','CINTA AISLANTE TITANIUM NEGRA 18MMX15MTR','DISTRIBUCION L2',0.0000,1300.0000,'2024-08-31 15:41:15','2024-08-31 15:41:15'),(57,5,'050514020','CUERDA ROPA 18MTS','MOSTRADOR L0',0.0000,8000.0000,'2024-08-31 15:48:36','2024-08-31 15:48:36'),(58,5,'050514020','CUERDA ROPA 18MTS','OBRAS L1',0.0000,7500.0000,'2024-08-31 15:48:44','2024-08-31 15:48:44'),(59,5,'050514020','CUERDA ROPA 18MTS','DISTRIBUCION L2',0.0000,6500.0000,'2024-08-31 15:48:50','2024-08-31 15:48:50'),(60,5,'050518011','SOPORTE DECORATIVO CORTINA BLANCO','MOSTRADOR L0',0.0000,10000.0000,'2024-08-31 15:49:07','2024-08-31 15:49:07'),(61,5,'050518011','SOPORTE DECORATIVO CORTINA BLANCO','OBRAS L1',0.0000,9400.0000,'2024-08-31 15:49:15','2024-08-31 15:49:15'),(62,5,'050518011','SOPORTE DECORATIVO CORTINA BLANCO','DISTRIBUCION L2',0.0000,8700.0000,'2024-08-31 15:49:20','2024-08-31 15:49:20'),(63,5,'050519015','PEGANTE INSTANTANEO INFINA SUPER PEGA 5GR','OBRAS L1',0.0000,1500.0000,'2024-09-09 21:40:25','2024-09-09 21:40:25'),(64,5,'050519015','PEGANTE INSTANTANEO INFINA SUPER PEGA 5GR','DISTRIBUCION L2',0.0000,1000.0000,'2024-09-09 21:40:32','2024-09-09 21:40:32'),(65,5,'020200002','CHEQUE FILTRO BRONCE 3','OBRAS L1',0.0000,240000.0000,'2024-09-09 21:40:58','2024-09-09 21:40:58'),(66,5,'020201091','LLAVE LVM POMO ACRIL CROMO INDUGRIFOS','DISTRIBUCION L2',0.0000,8000.0000,'2024-09-09 21:41:08','2024-09-09 21:41:08'),(67,5,'030130009','(D)CONECTOR PLUS TELEFONO','METROPOLIS L1',0.0000,600.0000,'2024-09-09 21:47:50','2024-09-09 21:47:50'),(68,5,'030130009','(D)CONECTOR PLUS TELEFONO','METROPOLIS L1',600.0000,60.0000,'2024-09-09 21:48:19','2024-09-09 21:48:19'),(69,5,'030130009','(D)CONECTOR PLUS TELEFONO','METROPOLIS L2',70.0000,40.0000,'2024-09-09 21:48:28','2024-09-09 21:48:28'),(70,5,'030312000','(SP)PANEL WPC BLANCO','MOSTRADOR L0',0.0000,48300.0000,'2024-09-09 21:49:03','2024-09-09 21:49:03'),(71,5,'030312000','(SP)PANEL WPC BLANCO','OBRAS L1',0.0000,42000.0000,'2024-09-09 21:49:13','2024-09-09 21:49:13'),(72,5,'030312000','(SP)PANEL WPC BLANCO','DISTRIBUCION L2',0.0000,35000.0000,'2024-09-09 21:49:22','2024-09-09 21:49:22'),(73,5,'040404030','ALAMBRE CENTELSA VERDE #12 100MTS','MOSTRADOR L0',0.0000,3500.0000,'2024-09-09 21:50:37','2024-09-09 21:50:37'),(74,5,'040404030','ALAMBRE CENTELSA VERDE #12 100MTS','OBRAS L1',0.0000,3000.0000,'2024-09-09 21:50:42','2024-09-09 21:50:42'),(75,5,'040404030','ALAMBRE CENTELSA VERDE #12 100MTS','DISTRIBUCION L2',0.0000,2500.0000,'2024-09-09 21:50:47','2024-09-09 21:50:47'),(76,5,'050513053','CLAVO VARETA CABALLO VERTICAL 4 X1000GR(25)','MOSTRADOR L0',0.0000,15900.0000,'2024-09-09 21:51:17','2024-09-09 21:51:17'),(77,5,'050513053','CLAVO VARETA CABALLO VERTICAL 4 X1000GR(25)','OBRAS L1',0.0000,14000.0000,'2024-09-09 21:51:39','2024-09-09 21:51:39'),(78,5,'050513053','CLAVO VARETA CABALLO VERTICAL 4 X1000GR(25)','DISTRIBUCION L2',0.0000,13000.0000,'2024-09-09 21:51:51','2024-09-09 21:51:51'),(79,5,'051060070','(SP)PISTOLA CALAFATEO ESQULETO UNIFER','MOSTRADOR L0',104980.0000,130000.0000,'2024-09-09 21:52:20','2024-09-09 21:52:20'),(80,5,'051060070','(SP)PISTOLA CALAFATEO ESQULETO UNIFER','OBRAS L1',0.0000,125000.0000,'2024-09-09 21:52:24','2024-09-09 21:52:24'),(81,5,'051130006','(D)SOUDAL BOQUILLA SOUDAFIX','METROPOLIS L1',0.0000,5000.0000,'2024-09-09 21:52:36','2024-09-09 21:52:36'),(82,5,'060100071','DESTOR PALA LUFKIN 1/4X6','OBRAS L1',0.0000,33000.0000,'2024-09-09 21:52:51','2024-09-09 21:52:51'),(83,5,'060100071','DESTOR PALA LUFKIN 1/4X6','DISTRIBUCION L2',0.0000,30000.0000,'2024-09-09 21:52:57','2024-09-09 21:52:57'),(84,5,'060100071','DESTOR PALA LUFKIN 1/4X6','MOSTRADOR L0',37000.0000,45900.0000,'2024-09-09 21:53:30','2024-09-09 21:53:30'),(85,5,'060100071','DESTOR PALA LUFKIN 1/4X6','OBRAS L1',33000.0000,44000.0000,'2024-09-09 21:53:41','2024-09-09 21:53:41'),(86,5,'060100071','DESTOR PALA LUFKIN 1/4X6','DISTRIBUCION L2',30000.0000,40000.0000,'2024-09-09 21:53:51','2024-09-09 21:53:51'),(87,5,'060102120','(D)DADO RANGER CUADRANTE 1/2X5/8','OBRAS L1',0.0000,300.0000,'2024-09-09 21:54:05','2024-09-09 21:54:05'),(88,5,'060102120','(D)DADO RANGER CUADRANTE 1/2X5/8','OBRAS L1',300.0000,3000.0000,'2024-09-09 21:54:14','2024-09-09 21:54:14'),(89,5,'060102120','(D)DADO RANGER CUADRANTE 1/2X5/8','DISTRIBUCION L2',0.0000,2500.0000,'2024-09-09 21:54:25','2024-09-09 21:54:25'),(90,5,'060103018','(D)DADO MULTIMARCA 1/2X18mm','OBRAS L1',0.0000,2500.0000,'2024-09-09 21:56:04','2024-09-09 21:56:04'),(91,5,'060103025','(D)DADO FORTE 1/2X1/2','OBRAS L1',0.0000,2500.0000,'2024-09-09 21:56:16','2024-09-09 21:56:16'),(92,5,'060103025','(D)DADO FORTE 1/2X1/2','MOSTRADOR L0',2612.0000,3000.0000,'2024-09-09 21:56:25','2024-09-09 21:56:25'),(93,5,'060119006           ','(D)LLAVE MIXTA 16mm RANGER','OBRAS L1',0.0000,6300.0000,'2024-09-09 21:56:35','2024-09-09 21:56:35'),(94,5,'060119034','LLAVE MIXTA INGCO 9MM','MOSTRADOR L0',2366.0000,2500.0000,'2024-09-09 21:57:12','2024-09-09 21:57:12'),(95,5,'060119034','LLAVE MIXTA INGCO 9MM','OBRAS L1',0.0000,2300.0000,'2024-09-09 21:57:24','2024-09-09 21:57:24'),(96,5,'060131036','DISCO P/CONCRETO DEWALT 4.1/2X1/8X7/8','OBRAS L1',0.0000,5800.0000,'2024-09-09 21:57:47','2024-09-09 21:57:47'),(97,5,'060131036','DISCO P/CONCRETO DEWALT 4.1/2X1/8X7/8','DISTRIBUCION L2',0.0000,5400.0000,'2024-09-09 21:57:55','2024-09-09 21:57:55'),(98,5,'060131050','DISCO P/CONCRETO DEWALT 4.1/2X1/4X7/8','OBRAS L1',0.0000,6500.0000,'2024-09-09 21:59:57','2024-09-09 21:59:57'),(99,5,'060139018           ','EXACTO METALICO  C/REPUESTO JSTOOL 18MM','MOSTRADOR L0',4484.0000,5500.0000,'2024-09-09 22:00:47','2024-09-09 22:00:47'),(100,5,'060139018           ','EXACTO METALICO  C/REPUESTO JSTOOL 18MM','OBRAS L1',0.0000,4800.0000,'2024-09-09 22:00:53','2024-09-09 22:00:53'),(101,5,'060160001','(SP)CALIBRADOR DOBLE AIRE PRETUL 50LB ','OBRAS L1',0.0000,7500.0000,'2024-09-09 22:01:20','2024-09-09 22:01:20'),(102,5,'060160001','(SP)CALIBRADOR DOBLE AIRE PRETUL 50LB ','DISTRIBUCION L2',0.0000,7000.0000,'2024-09-09 22:01:25','2024-09-09 22:01:25'),(103,5,'060163026','(D)BROCA HIERRO INCOLMA 17/64','OBRAS L1',0.0000,1800.0000,'2024-09-09 22:01:41','2024-09-09 22:01:41'),(104,5,'060185037           ','(SP)LLAVE TUBO IMPORT 10','OBRAS L1',0.0000,15500.0000,'2024-09-09 22:02:38','2024-09-09 22:02:38'),(105,5,'060185037','(SP)LLAVE TUBO IMPORT 10','DISTRIBUCION L2',0.0000,15000.0000,'2024-09-09 22:02:43','2024-09-09 22:02:43'),(106,5,'0601851120','DESTOR ESTRIA UNITEC 1/4X4','OBRAS L1',0.0000,7000.0000,'2024-09-09 22:03:17','2024-09-09 22:03:17'),(107,5,'0601851120','DESTOR ESTRIA UNITEC 1/4X4','DISTRIBUCION L2',0.0000,6500.0000,'2024-09-09 22:03:23','2024-09-09 22:03:23'),(108,5,'060185140','(SP)DADO MULTIMARCA 3/8X3/4','MOSTRADOR L0',0.0000,92300.0000,'2024-09-09 22:03:48','2024-09-09 22:03:48'),(109,5,'060185140','(SP)DADO MULTIMARCA 3/8X3/4','OBRAS L1',0.0000,91500.0000,'2024-09-09 22:03:53','2024-09-09 22:03:53'),(110,5,'060185140','(SP)DADO MULTIMARCA 3/8X3/4','DISTRIBUCION L2',0.0000,90000.0000,'2024-09-09 22:03:59','2024-09-09 22:03:59'),(111,5,'060185168','DESTOR PALA JONI 1/4X6','OBRAS L1',0.0000,6400.0000,'2024-09-09 22:04:12','2024-09-09 22:04:12'),(112,5,'060185168','DESTOR PALA JONI 1/4X6','DISTRIBUCION L2',0.0000,6000.0000,'2024-09-09 22:04:17','2024-09-09 22:04:17'),(113,5,'060190068','(D)SERRUCHO M/MADERA CONTI 20','OBRAS L1',0.0000,21200.0000,'2024-09-09 22:04:27','2024-09-09 22:04:27'),(114,5,'060190068','(D)SERRUCHO M/MADERA CONTI 20','DISTRIBUCION L2',0.0000,20500.0000,'2024-09-09 22:04:36','2024-09-09 22:04:36'),(115,5,'050501018','PASADOR EN BRONCE BRICKELL 2.1/2','MOSTRADOR L0',0.0000,3500.0000,'2024-09-10 13:06:23','2024-09-10 13:06:23'),(116,5,'050501018','PASADOR EN BRONCE BRICKELL 2.1/2','OBRAS L1',0.0000,3000.0000,'2024-09-10 13:06:28','2024-09-10 13:06:28'),(117,5,'050501018','PASADOR EN BRONCE BRICKELL 2.1/2','DISTRIBUCION L2',0.0000,2500.0000,'2024-09-10 13:06:34','2024-09-10 13:06:34'),(118,5,'060190088','(SP)PINZA SACA PINES JSTOOLS 7','MOSTRADOR L0',8500.0000,9200.0000,'2024-09-10 13:07:01','2024-09-10 13:07:01'),(119,5,'060190088','(SP)PINZA SACA PINES JSTOOLS 7','DISTRIBUCION L2',0.0000,8000.0000,'2024-09-10 13:07:06','2024-09-10 13:07:06'),(120,5,'060273000','MOTOBOMBA MERCURY 1/2 HP','OBRAS L1',0.0000,72500.0000,'2024-09-10 13:07:17','2024-09-10 13:07:17'),(121,5,'060601098','METRO UNIQFLEX X5Mtr','MOSTRADOR L0',0.0000,7500.0000,'2024-09-10 13:07:43','2024-09-10 13:07:43'),(122,5,'060601098','METRO UNIQFLEX X5Mtr','OBRAS L1',0.0000,7000.0000,'2024-09-10 13:07:48','2024-09-10 13:07:48'),(123,5,'060601098','METRO UNIQFLEX X5Mtr','DISTRIBUCION L2',0.0000,6500.0000,'2024-09-10 13:07:53','2024-09-10 13:07:53'),(124,5,'060601105','ESCUADRA A/INOX UYUSTOOLS 12','MOSTRADOR L0',0.0000,15700.0000,'2024-09-10 13:13:10','2024-09-10 13:13:10'),(125,5,'060601105','ESCUADRA A/INOX UYUSTOOLS 12','OBRAS L1',0.0000,14800.0000,'2024-09-10 13:13:17','2024-09-10 13:13:17'),(126,5,'060601105','ESCUADRA A/INOX UYUSTOOLS 12','DISTRIBUCION L2',0.0000,14200.0000,'2024-09-10 13:13:22','2024-09-10 13:13:22'),(127,5,'060601106','NIVEL ALUMINIO UDUKE 14','MOSTRADOR L0',0.0000,24200.0000,'2024-09-10 13:13:54','2024-09-10 13:13:54'),(128,5,'060601106','NIVEL ALUMINIO UDUKE 14','OBRAS L1',0.0000,23500.0000,'2024-09-10 13:14:02','2024-09-10 13:14:02'),(129,5,'060601106','NIVEL ALUMINIO UDUKE 14','DISTRIBUCION L2',0.0000,22800.0000,'2024-09-10 13:14:09','2024-09-10 13:14:09'),(130,5,'060601110','JGO LLAVE L SEGURITY X10Und','MOSTRADOR L0',0.0000,7500.0000,'2024-09-10 13:14:28','2024-09-10 13:14:28'),(131,5,'060601110','JGO LLAVE L SEGURITY X10Und','OBRAS L1',0.0000,7000.0000,'2024-09-10 13:14:34','2024-09-10 13:14:34'),(132,5,'060601110','JGO LLAVE L SEGURITY X10Und','DISTRIBUCION L2',0.0000,6500.0000,'2024-09-10 13:14:39','2024-09-10 13:14:39'),(133,5,'060601156','MONA IMPORT 2LB','MOSTRADOR L0',0.0000,24100.0000,'2024-09-10 13:21:53','2024-09-10 13:21:53'),(134,5,'060601156','MONA IMPORT 2LB','OBRAS L1',0.0000,23500.0000,'2024-09-10 13:21:59','2024-09-10 13:21:59'),(135,5,'060601156','MONA IMPORT 2LB','DISTRIBUCION L2',0.0000,22800.0000,'2024-09-10 13:22:03','2024-09-10 13:22:03'),(136,5,'060601170','MONA IMPORTADA 4LB','MOSTRADOR L0',0.0000,33100.0000,'2024-09-10 13:22:30','2024-09-10 13:22:30'),(137,5,'060601170','MONA IMPORTADA 4LB','OBRAS L1',0.0000,32100.0000,'2024-09-10 13:22:36','2024-09-10 13:22:36'),(138,5,'060601170','MONA IMPORTADA 4LB','DISTRIBUCION L2',0.0000,31500.0000,'2024-09-10 13:25:12','2024-09-10 13:25:12'),(139,5,'070200170','PERFIL ENTREPISO NEGRO 130X0.90 X1.5mmX3mts C16','MOSTRADOR L0',0.0000,97700.0000,'2024-09-10 13:26:59','2024-09-10 13:26:59'),(140,5,'070200170','PERFIL ENTREPISO NEGRO 130X0.90 X1.5mmX3mts C16','OBRAS L1',0.0000,97000.0000,'2024-09-10 13:28:05','2024-09-10 13:28:05'),(141,5,'070200170','PERFIL ENTREPISO NEGRO 130X0.90 X1.5mmX3mts C16','DISTRIBUCION L2',0.0000,96400.0000,'2024-09-10 13:28:13','2024-09-10 13:28:13'),(142,5,'070704045','PALIN HOYADOR FORTE','MOSTRADOR L0',0.0000,19700.0000,'2024-09-10 13:28:50','2024-09-10 13:28:50'),(143,5,'070704045','PALIN HOYADOR FORTE','OBRAS L1',0.0000,19000.0000,'2024-09-10 13:28:59','2024-09-10 13:28:59'),(144,5,'070704045','PALIN HOYADOR FORTE','DISTRIBUCION L2',0.0000,18400.0000,'2024-09-10 13:29:07','2024-09-10 13:29:07'),(145,5,'080100151','(D)TORNILLO HEXAG. GALV 3/8X3/4','METROPOLIS L1',0.0000,250.0000,'2024-09-10 13:29:35','2024-09-10 13:29:35'),(146,5,'080100151','(D)TORNILLO HEXAG. GALV 3/8X3/4','METROPOLIS L2',0.0000,210.0000,'2024-09-10 13:29:40','2024-09-10 13:29:40'),(147,5,'081700012','RODACHIN NARANJA S/FRENO 2.1/2','OBRAS L1',0.0000,3000.0000,'2024-09-10 13:29:57','2024-09-10 13:29:57'),(148,5,'090009041','(D)LACA AEROSOL VERDE SAUCE NOVAFLEX','MOSTRADOR L0',9130.0000,12000.0000,'2024-09-10 13:30:19','2024-09-10 13:30:19'),(149,5,'090009041','(D)LACA AEROSOL VERDE SAUCE NOVAFLEX','OBRAS L1',9130.0000,9500.0000,'2024-09-10 13:30:25','2024-09-10 13:30:25'),(150,5,'090009041','(D)LACA AEROSOL VERDE SAUCE NOVAFLEX','OBRAS L1',9500.0000,10000.0000,'2024-09-10 13:30:31','2024-09-10 13:30:31'),(151,5,'090009041','(D)LACA AEROSOL VERDE SAUCE NOVAFLEX','DISTRIBUCION L2',0.0000,9000.0000,'2024-09-10 13:30:37','2024-09-10 13:30:37'),(152,5,'090009046','(SP)AEROSOL CROMADO UNITEC 400ML','MOSTRADOR L0',9000.0000,12000.0000,'2024-09-10 13:30:48','2024-09-10 13:30:48'),(153,5,'090009046','(SP)AEROSOL CROMADO UNITEC 400ML','OBRAS L1',0.0000,11000.0000,'2024-09-10 13:30:53','2024-09-10 13:30:53'),(154,5,'090009046','(SP)AEROSOL CROMADO UNITEC 400ML','DISTRIBUCION L2',0.0000,10000.0000,'2024-09-10 13:30:59','2024-09-10 13:30:59'),(155,5,'090901037','BOMBILLO LED UNITEC 30W','MOSTRADOR L0',0.0000,18000.0000,'2024-09-10 16:29:26','2024-09-10 16:29:26'),(156,5,'090901037','BOMBILLO LED UNITEC 30W','OBRAS L1',0.0000,17500.0000,'2024-09-10 16:29:36','2024-09-10 16:29:36'),(157,5,'090901037','BOMBILLO LED UNITEC 30W','DISTRIBUCION L2',0.0000,17000.0000,'2024-09-10 16:29:46','2024-09-10 16:29:46'),(158,5,'090901038','BOMBILLO LED UNITEC 12W','MOSTRADOR L0',0.0000,5200.0000,'2024-09-10 16:30:04','2024-09-10 16:30:04'),(159,5,'090901038','BOMBILLO LED UNITEC 12W','OBRAS L1',0.0000,5000.0000,'2024-09-10 16:30:10','2024-09-10 16:30:10'),(160,5,'090901038','BOMBILLO LED UNITEC 12W','DISTRIBUCION L2',0.0000,4600.0000,'2024-09-10 16:30:22','2024-09-10 16:30:22'),(161,5,'101004018','FILTRO SECADORES FRIOPARTES','MOSTRADOR L0',0.0000,9000.0000,'2024-09-10 16:30:47','2024-09-10 16:30:47'),(162,5,'101004018','FILTRO SECADORES FRIOPARTES','OBRAS L1',0.0000,8500.0000,'2024-09-10 16:31:21','2024-09-10 16:31:21'),(163,5,'101004018','FILTRO SECADORES FRIOPARTES','DISTRIBUCION L2',0.0000,8000.0000,'2024-09-10 16:32:33','2024-09-10 16:32:33'),(164,5,'103203017','UNION PRESION UNIVERSAL DURMAN 3/4(35)','MOSTRADOR L0',18500.0000,5800.0000,'2024-09-10 16:32:54','2024-09-10 16:32:54'),(165,5,'103203017','UNION PRESION UNIVERSAL DURMAN 3/4(35)','OBRAS L1',18500.0000,5000.0000,'2024-09-10 16:33:01','2024-09-10 16:33:01'),(166,5,'103203017','UNION PRESION UNIVERSAL DURMAN 3/4(35)','DISTRIBUCION L2',0.0000,4600.0000,'2024-09-10 16:33:10','2024-09-10 16:33:10'),(167,5,'104110049','TOMA TRIFILAR A 220V CODELCA','MOSTRADOR L0',18800.0000,66500.0000,'2024-09-10 16:34:26','2024-09-10 16:34:26'),(168,5,'104110049','TOMA TRIFILAR A 220V CODELCA','OBRAS L1',18800.0000,65000.0000,'2024-09-10 16:34:45','2024-09-10 16:34:45'),(169,5,'104110049','TOMA TRIFILAR A 220V CODELCA','DISTRIBUCION L2',0.0000,60000.0000,'2024-09-10 16:34:51','2024-09-10 16:34:51'),(170,5,'104110051','CODO PRESION DURMAN 45° 1.1/2(40)','MOSTRADOR L0',18800.0000,8500.0000,'2024-09-10 16:44:51','2024-09-10 16:44:51'),(171,5,'104110051','CODO PRESION DURMAN 45° 1.1/2(40)','OBRAS L1',18800.0000,7500.0000,'2024-09-10 16:44:57','2024-09-10 16:44:57'),(172,5,'104110051','CODO PRESION DURMAN 45° 1.1/2(40)','DISTRIBUCION L2',0.0000,6500.0000,'2024-09-10 16:45:02','2024-09-10 16:45:02'),(173,5,'104203024','(SP)TORRE ALACENA VENECIANA CHANTILLI 49CM 2 PUERTAS COCINA','MOSTRADOR L0',339900.0000,424000.0000,'2024-09-10 16:54:25','2024-09-10 16:54:25'),(174,5,'104203024','(SP)TORRE ALACENA VENECIANA CHANTILLI 49CM 2 PUERTAS COCINA','OBRAS L1',339900.0000,400000.0000,'2024-09-10 16:54:33','2024-09-10 16:54:33'),(175,5,'104203024','(SP)TORRE ALACENA VENECIANA CHANTILLI 49CM 2 PUERTAS COCINA','DISTRIBUCION L2',0.0000,350000.0000,'2024-09-10 16:54:40','2024-09-10 16:54:40'),(176,5,'105215009','(D) PERFILES DILATACION T 10 PLATA BRILLO STILO 2.44','OBRAS L1',12400.0000,12000.0000,'2024-09-10 20:18:54','2024-09-10 20:18:54'),(177,5,'105215009','(D) PERFILES DILATACION T 10 PLATA BRILLO STILO 2.44','DISTRIBUCION L2',0.0000,11500.0000,'2024-09-10 20:19:00','2024-09-10 20:19:00'),(178,5,'111102002','AGUA DE BATERIA DESMINERALIZADA 550CC','MOSTRADOR L0',4400.0000,5000.0000,'2024-09-10 20:19:18','2024-09-10 20:19:18'),(179,5,'111102002','AGUA DE BATERIA DESMINERALIZADA 550CC','DISTRIBUCION L2',0.0000,4000.0000,'2024-09-10 20:19:24','2024-09-10 20:19:24'),(180,5,'111104003','LIMPIADOR CONTACTO ELECT TRES EN UNO X300ML','OBRAS L1',0.0000,35000.0000,'2024-09-10 20:19:41','2024-09-10 20:19:41'),(181,5,'111104003','LIMPIADOR CONTACTO ELECT TRES EN UNO X300ML','DISTRIBUCION L2',0.0000,30000.0000,'2024-09-10 20:19:47','2024-09-10 20:19:47'),(182,5,'111806006','(D) LISTONES OLAS MULTICOLOR 15X40','METROPOLIS L0',11100.0000,13000.0000,'2024-09-10 20:20:22','2024-09-10 20:20:22'),(183,5,'111806006','(D) LISTONES OLAS MULTICOLOR 15X40','METROPOLIS L1',11100.0000,12000.0000,'2024-09-10 20:20:28','2024-09-10 20:20:28'),(184,5,'111806006','(D) LISTONES OLAS MULTICOLOR 15X40','',0.0000,11000.0000,'2024-09-10 20:20:33','2024-09-10 20:20:33'),(185,5,'111812015','(D)CONECTOR JACK RJ 45 CATEG. 5E','MOSTRADOR L0',0.0000,9000.0000,'2024-09-10 20:20:51','2024-09-10 20:20:51'),(186,5,'111812015','(D)CONECTOR JACK RJ 45 CATEG. 5E','OBRAS L1',0.0000,8000.0000,'2024-09-10 20:20:57','2024-09-10 20:20:57'),(187,5,'111812015','(D)CONECTOR JACK RJ 45 CATEG. 5E','DISTRIBUCION L2',0.0000,7000.0000,'2024-09-10 20:21:01','2024-09-10 20:21:01'),(188,5,'112209001','(D)LISTONES LIRA MULTICOLOR 13.5X43 UNIFEL','METROPOLIS L0',10800.0000,12500.0000,'2024-09-10 20:21:17','2024-09-10 20:21:17'),(189,5,'112209001','(D)LISTONES LIRA MULTICOLOR 13.5X43 UNIFEL','METROPOLIS L1',9800.0000,11500.0000,'2024-09-10 20:21:23','2024-09-10 20:21:23'),(190,5,'112209001','(D)LISTONES LIRA MULTICOLOR 13.5X43 UNIFEL','METROPOLIS L2',0.0000,10500.0000,'2024-09-10 20:21:29','2024-09-10 20:21:29'),(191,5,'060143999','LLANA DENTADA M/PLAST CORNETA 10X10','OBRAS L1',0.0000,13000.0000,'2024-09-10 20:21:44','2024-09-10 20:21:44'),(192,5,'060143999','LLANA DENTADA M/PLAST CORNETA 10X10','DISTRIBUCION L2',10939.1400,11000.0000,'2024-09-10 20:21:51','2024-09-10 20:21:51'),(193,5,'030130012','(D)CONECTOR COAXIAL ROSCADO PEQUEÑO RG-6','OBRAS L1',0.0000,150.0000,'2024-09-10 20:22:04','2024-09-10 20:22:04'),(194,5,'030130012','(D)CONECTOR COAXIAL ROSCADO PEQUEÑO RG-6','MOSTRADOR L0',200.0000,500.0000,'2024-09-10 20:22:26','2024-09-10 20:22:26'),(195,5,'030130012','(D)CONECTOR COAXIAL ROSCADO PEQUEÑO RG-6','OBRAS L1',150.0000,450.0000,'2024-09-10 20:22:32','2024-09-10 20:22:32'),(196,5,'030130012','(D)CONECTOR COAXIAL ROSCADO PEQUEÑO RG-6','DISTRIBUCION L2',150.0000,400.0000,'2024-09-10 20:22:36','2024-09-10 20:22:36'),(197,5,'030240080','(D)TUBO FLUORESCENTE T12 40W','MOSTRADOR L0',11450.0000,13400.0000,'2024-09-10 20:22:53','2024-09-10 20:22:53'),(198,5,'030240080','(D)TUBO FLUORESCENTE T12 40W','OBRAS L1',0.0000,12600.0000,'2024-09-10 20:23:00','2024-09-10 20:23:00'),(199,5,'030240080','(D)TUBO FLUORESCENTE T12 40W','DISTRIBUCION L2',9300.0000,12000.0000,'2024-09-10 20:23:05','2024-09-10 20:23:05'),(200,5,'112299101','PISO PCL5 30X30','MOSTRADOR L0',0.0000,125800.0000,'2024-09-10 20:23:33','2024-09-10 20:23:33'),(201,5,'112299101','PISO PCL5 30X30','OBRAS L1',0.0000,125000.0000,'2024-09-10 20:23:42','2024-09-10 20:23:42'),(202,5,'112299101','PISO PCL5 30X30','DISTRIBUCION L2',0.0000,124000.0000,'2024-09-10 20:23:49','2024-09-10 20:23:49'),(203,5,'122214006','(D)PEDESTAL VERONA/MILANO AZUL 116','MOSTRADOR L0',56700.0000,108500.0000,'2024-09-10 20:24:08','2024-09-10 20:24:08'),(204,5,'122214006','(D)PEDESTAL VERONA/MILANO AZUL 116','OBRAS L1',56700.0000,107500.0000,'2024-09-10 20:24:15','2024-09-10 20:24:15'),(205,5,'122214006','(D)PEDESTAL VERONA/MILANO AZUL 116','DISTRIBUCION L2',0.0000,106500.0000,'2024-09-10 20:24:23','2024-09-10 20:24:23'),(206,5,'122411017','(SP)ESMALTE IMPACTO BLANCO X GALON','MOSTRADOR L0',0.0000,87100.0000,'2024-09-10 20:24:44','2024-09-10 20:24:44'),(207,5,'122411017','(SP)ESMALTE IMPACTO BLANCO X GALON','OBRAS L1',0.0000,86500.0000,'2024-09-10 20:24:54','2024-09-10 20:24:54'),(208,5,'122411017','(SP)ESMALTE IMPACTO BLANCO X GALON','DISTRIBUCION L2',0.0000,86000.0000,'2024-09-10 20:25:00','2024-09-10 20:25:00'),(209,5,'130001012','(SP)RESORTE/SELLO ECONOMICO','METROPOLIS L0',0.0000,4000.0000,'2024-09-10 20:26:11','2024-09-10 20:26:11'),(210,5,'130001012','(SP)RESORTE/SELLO ECONOMICO','METROPOLIS L1',0.0000,3400.0000,'2024-09-10 20:26:17','2024-09-10 20:26:17'),(211,5,'130001012','(SP)RESORTE/SELLO ECONOMICO','METROPOLIS L2',0.0000,2900.0000,'2024-09-10 20:26:22','2024-09-10 20:26:22'),(212,5,'161615001','(SP)TUBO ALCANT GERFOR 14 6mts','MOSTRADOR L0',0.0000,714000.0000,'2024-09-10 20:27:10','2024-09-10 20:27:10'),(213,5,'161615001','(SP)TUBO ALCANT GERFOR 14 6mts','OBRAS L1',0.0000,700.0000,'2024-09-10 20:27:16','2024-09-10 20:27:16'),(214,5,'161615001','(SP)TUBO ALCANT GERFOR 14 6mts','OBRAS L1',700.0000,700000.0000,'2024-09-10 20:27:24','2024-09-10 20:27:24'),(215,5,'161615001','(SP)TUBO ALCANT GERFOR 14 6mts','DISTRIBUCION L2',0.0000,670000.0000,'2024-09-10 20:27:39','2024-09-10 20:27:39'),(216,5,'130107102','SOLDADURA ASWELDING 7018 X 1/8','MOSTRADOR L0',0.0000,24500.0000,'2024-09-10 20:28:00','2024-09-10 20:28:00'),(217,5,'130107102','SOLDADURA ASWELDING 7018 X 1/8','OBRAS L1',0.0000,23800.0000,'2024-09-10 20:28:05','2024-09-10 20:28:05'),(218,5,'130107102','SOLDADURA ASWELDING 7018 X 1/8','DISTRIBUCION L2',0.0000,23200.0000,'2024-09-10 20:28:11','2024-09-10 20:28:11'),(219,5,'141401090','VINILO MARDECO IMPACTO FUCSIA T2 XGAL','MOSTRADOR L0',0.0000,57200.0000,'2024-09-10 20:28:27','2024-09-10 20:28:27'),(220,5,'141401090','VINILO MARDECO IMPACTO FUCSIA T2 XGAL','OBRAS L1',0.0000,56500.0000,'2024-09-10 20:28:34','2024-09-10 20:28:34'),(221,5,'141401090','VINILO MARDECO IMPACTO FUCSIA T2 XGAL','DISTRIBUCION L2',0.0000,56000.0000,'2024-09-10 20:28:40','2024-09-10 20:28:40'),(222,5,'141401091','VINILO IMPACTO ROSA T2 XGAL','MOSTRADOR L0',0.0000,48300.0000,'2024-09-10 20:37:41','2024-09-10 20:37:41'),(223,5,'141401091','VINILO IMPACTO ROSA T2 XGAL','OBRAS L1',0.0000,45300.0000,'2024-09-10 20:38:07','2024-09-10 20:38:07'),(224,5,'141401091','VINILO IMPACTO ROSA T2 XGAL','OBRAS L1',45300.0000,47500.0000,'2024-09-10 20:38:20','2024-09-10 20:38:20'),(225,5,'141401091','VINILO IMPACTO ROSA T2 XGAL','DISTRIBUCION L2',0.0000,47000.0000,'2024-09-10 20:38:26','2024-09-10 20:38:26'),(226,5,'141401092','VINILO IMPACTO TURQUESA T2 XGAL','MOSTRADOR L0',0.0000,57000.0000,'2024-09-10 20:41:13','2024-09-10 20:41:13'),(227,5,'141401092','VINILO IMPACTO TURQUESA T2 XGAL','OBRAS L1',0.0000,55000.0000,'2024-09-10 20:46:40','2024-09-10 20:46:40'),(228,5,'141401092','VINILO IMPACTO TURQUESA T2 XGAL','DISTRIBUCION L2',0.0000,50000.0000,'2024-09-10 20:46:46','2024-09-10 20:46:46'),(229,5,'141401093','VINILO IMPACTO AZUL PULSANT T2 GAL','MOSTRADOR L0',0.0000,57000.0000,'2024-09-10 20:52:57','2024-09-10 20:52:57'),(230,5,'141401093','VINILO IMPACTO AZUL PULSANT T2 GAL','OBRAS L1',0.0000,56000.0000,'2024-09-10 20:53:08','2024-09-10 20:53:08'),(231,5,'141401093','VINILO IMPACTO AZUL PULSANT T2 GAL','DISTRIBUCION L2',0.0000,55000.0000,'2024-09-10 20:53:13','2024-09-10 20:53:13'),(232,5,'141401094','VINILO IMPACTO NARANJA T2 GAL','MOSTRADOR L0',0.0000,57000.0000,'2024-09-10 20:54:39','2024-09-10 20:54:39'),(233,5,'141401094','VINILO IMPACTO NARANJA T2 GAL','OBRAS L1',0.0000,56000.0000,'2024-09-10 20:54:44','2024-09-10 20:54:44'),(234,5,'141401094','VINILO IMPACTO NARANJA T2 GAL','DISTRIBUCION L2',0.0000,55000.0000,'2024-09-10 21:00:58','2024-09-10 21:00:58'),(235,5,'141401095','VINILO IMPACTO BLANCO HUESO T2 XGAL','MOSTRADOR L0',0.0000,57000.0000,'2024-09-10 21:02:22','2024-09-10 21:02:22'),(236,5,'141401095','VINILO IMPACTO BLANCO HUESO T2 XGAL','OBRAS L1',0.0000,56000.0000,'2024-09-10 21:02:28','2024-09-10 21:02:28'),(237,5,'141401095','VINILO IMPACTO BLANCO HUESO T2 XGAL','DISTRIBUCION L2',0.0000,55000.0000,'2024-09-10 21:02:33','2024-09-10 21:02:33'),(238,5,'141401096','VINILO IMPACTO VERDE PRIMAVERA T2 XGAL','MOSTRADOR L0',0.0000,57000.0000,'2024-09-10 21:02:45','2024-09-10 21:02:45'),(239,5,'141401096','VINILO IMPACTO VERDE PRIMAVERA T2 XGAL','OBRAS L1',0.0000,56000.0000,'2024-09-10 21:02:58','2024-09-10 21:02:58'),(240,5,'141401096','VINILO IMPACTO VERDE PRIMAVERA T2 XGAL','DISTRIBUCION L2',0.0000,55000.0000,'2024-09-10 21:03:04','2024-09-10 21:03:04'),(241,5,'141401097','VINILO IMPACTO BLANCO HUESO T3 XGAL','MOSTRADOR L0',0.0000,35000.0000,'2024-09-10 21:03:20','2024-09-10 21:03:20'),(242,5,'141401097','VINILO IMPACTO BLANCO HUESO T3 XGAL','OBRAS L1',0.0000,34000.0000,'2024-09-10 21:03:26','2024-09-10 21:03:26'),(243,5,'141401097','VINILO IMPACTO BLANCO HUESO T3 XGAL','DISTRIBUCION L2',0.0000,33000.0000,'2024-09-10 21:03:31','2024-09-10 21:03:31'),(244,5,'141412022','BROCHA M/PLASTICO AZUL UNITEC 5','MOSTRADOR L0',0.0000,10000.0000,'2024-09-10 21:07:46','2024-09-10 21:07:46'),(245,5,'141412022','BROCHA M/PLASTICO AZUL UNITEC 5','OBRAS L1',0.0000,9200.0000,'2024-09-10 21:07:56','2024-09-10 21:07:56'),(246,5,'141412022','BROCHA M/PLASTICO AZUL UNITEC 5','DISTRIBUCION L2',0.0000,8500.0000,'2024-09-10 21:08:02','2024-09-10 21:08:02'),(247,5,'141412023','BROCHA M/MADERA SPICTOOLS 4','MOSTRADOR L0',0.0000,8000.0000,'2024-09-10 21:08:39','2024-09-10 21:08:39'),(248,5,'141412023','BROCHA M/MADERA SPICTOOLS 4','OBRAS L1',0.0000,7500.0000,'2024-09-10 21:08:44','2024-09-10 21:08:44'),(249,5,'141412023','BROCHA M/MADERA SPICTOOLS 4','DISTRIBUCION L2',0.0000,7000.0000,'2024-09-10 21:08:49','2024-09-10 21:08:49'),(250,5,'141412025','BROCHA M/NEGRO MONA UDUKE 5','MOSTRADOR L0',0.0000,8500.0000,'2024-09-10 21:11:45','2024-09-10 21:11:45'),(251,5,'141412025','BROCHA M/NEGRO MONA UDUKE 5','OBRAS L1',0.0000,8000.0000,'2024-09-10 21:14:16','2024-09-10 21:14:16'),(252,5,'141412025','BROCHA M/NEGRO MONA UDUKE 5','DISTRIBUCION L2',0.0000,7500.0000,'2024-09-10 21:14:21','2024-09-10 21:14:21'),(253,5,'141412026','BROCHA M/NEGRO MONA UDUKE 1.1/2','MOSTRADOR L0',0.0000,3000.0000,'2024-09-10 21:18:21','2024-09-10 21:18:21'),(254,5,'141412026','BROCHA M/NEGRO MONA UDUKE 1.1/2','OBRAS L1',0.0000,2500.0000,'2024-09-10 21:18:27','2024-09-10 21:18:27'),(255,5,'141412026','BROCHA M/NEGRO MONA UDUKE 1.1/2','DISTRIBUCION L2',0.0000,2000.0000,'2024-09-10 21:18:32','2024-09-10 21:18:32'),(256,5,'141412027','BROCHA M/PLASTICO MONA AZUL UNITEC 2.1/2','MOSTRADOR L0',0.0000,4600.0000,'2024-09-11 15:57:03','2024-09-11 15:57:03'),(257,5,'141412027','BROCHA M/PLASTICO MONA AZUL UNITEC 2.1/2','OBRAS L1',0.0000,4000.0000,'2024-09-11 15:57:08','2024-09-11 15:57:08'),(258,5,'141412027','BROCHA M/PLASTICO MONA AZUL UNITEC 2.1/2','DISTRIBUCION L2',0.0000,3500.0000,'2024-09-11 15:57:12','2024-09-11 15:57:12'),(259,5,'141412028','BROCHA M/PLASTICO MONA AZUL UNITEC 2','MOSTRADOR L0',0.0000,3800.0000,'2024-09-11 15:57:27','2024-09-11 15:57:27'),(260,5,'141412028','BROCHA M/PLASTICO MONA AZUL UNITEC 2','OBRAS L1',0.0000,3500.0000,'2024-09-11 15:57:34','2024-09-11 15:57:34'),(261,5,'141412028','BROCHA M/PLASTICO MONA AZUL UNITEC 2','DISTRIBUCION L2',0.0000,3000.0000,'2024-09-11 15:57:39','2024-09-11 15:57:39'),(262,5,'141412029','BROCHA M/PLASTICO MONA AZUL UNITEC 4','MOSTRADOR L0',0.0000,8000.0000,'2024-09-11 15:57:57','2024-09-11 15:57:57'),(263,5,'141412029','BROCHA M/PLASTICO MONA AZUL UNITEC 4','OBRAS L1',0.0000,7400.0000,'2024-09-11 15:58:03','2024-09-11 15:58:03'),(264,5,'141412029','BROCHA M/PLASTICO MONA AZUL UNITEC 4','DISTRIBUCION L2',0.0000,7000.0000,'2024-09-11 15:58:07','2024-09-11 15:58:07'),(265,5,'141412030','BROCHA M/PLASTICO AZUL UNITEC 1.1/2','MOSTRADOR L0',0.0000,3000.0000,'2024-09-11 15:58:27','2024-09-11 15:58:27'),(266,5,'141412030','BROCHA M/PLASTICO AZUL UNITEC 1.1/2','OBRAS L1',0.0000,2500.0000,'2024-09-11 15:58:50','2024-09-11 15:58:50'),(267,5,'141412030','BROCHA M/PLASTICO AZUL UNITEC 1.1/2','DISTRIBUCION L2',0.0000,2100.0000,'2024-09-11 15:58:56','2024-09-11 15:58:56'),(268,5,'141418001','RESINA ACRILICA 1KG','MOSTRADOR L0',0.0000,7500.0000,'2024-09-11 16:05:48','2024-09-11 16:05:48'),(269,5,'141418001','RESINA ACRILICA 1KG','OBRAS L1',0.0000,7000.0000,'2024-09-11 16:05:53','2024-09-11 16:05:53'),(270,5,'141418001','RESINA ACRILICA 1KG','DISTRIBUCION L2',0.0000,6500.0000,'2024-09-11 16:05:57','2024-09-11 16:05:57'),(271,5,'150400012','SILICONA LIQUIDA FULL FRESH 200CC','MOSTRADOR L0',0.0000,10500.0000,'2024-09-11 16:06:18','2024-09-11 16:06:18'),(272,5,'150400012','SILICONA LIQUIDA FULL FRESH 200CC','OBRAS L1',0.0000,10000.0000,'2024-09-11 16:06:25','2024-09-11 16:06:25'),(273,5,'150400012','SILICONA LIQUIDA FULL FRESH 200CC','DISTRIBUCION L2',0.0000,9500.0000,'2024-09-11 16:06:29','2024-09-11 16:06:29'),(274,5,'151502048','CENEFA DELFINES SICHAR 8X25','METROPOLIS L0',0.0000,6000.0000,'2024-09-11 16:06:46','2024-09-11 16:06:46'),(275,5,'151502048','CENEFA DELFINES SICHAR 8X25','METROPOLIS L1',0.0000,5500.0000,'2024-09-11 16:06:53','2024-09-11 16:06:53'),(276,5,'151502048','CENEFA DELFINES SICHAR 8X25','METROPOLIS L2',0.0000,5000.0000,'2024-09-11 16:06:58','2024-09-11 16:06:58'),(277,5,'151502184','PARED ARKE OXFORD GRAY 1A 25X40 1.5mts','MOSTRADOR L0',0.0000,55000.0000,'2024-09-11 16:07:10','2024-09-11 16:07:10'),(278,5,'151502184','PARED ARKE OXFORD GRAY 1A 25X40 1.5mts','OBRAS L1',0.0000,50000.0000,'2024-09-11 16:07:16','2024-09-11 16:07:16'),(279,5,'151502184','PARED ARKE OXFORD GRAY 1A 25X40 1.5mts','DISTRIBUCION L2',0.0000,45000.0000,'2024-09-11 16:07:21','2024-09-11 16:07:21'),(280,5,'160002101','(D)LIMPIADOR PERIOD MULTIUSOS LT R-203','MOSTRADOR L0',0.0000,17000.0000,'2024-09-11 16:07:39','2024-09-11 16:07:39'),(281,5,'160002101','(D)LIMPIADOR PERIOD MULTIUSOS LT R-203','OBRAS L1',0.0000,16400.0000,'2024-09-11 16:07:47','2024-09-11 16:07:47'),(282,5,'160002101','(D)LIMPIADOR PERIOD MULTIUSOS LT R-203','DISTRIBUCION L2',0.0000,15800.0000,'2024-09-11 16:07:53','2024-09-11 16:07:53'),(283,5,'161601025','EMPAQUE RACOR MANGUERA','MOSTRADOR L0',0.0000,300.0000,'2024-09-11 16:08:06','2024-09-11 16:08:06'),(284,5,'161601025','EMPAQUE RACOR MANGUERA','OBRAS L1',0.0000,250.0000,'2024-09-11 16:08:11','2024-09-11 16:08:11'),(285,5,'161601025','EMPAQUE RACOR MANGUERA','DISTRIBUCION L2',0.0000,200.0000,'2024-09-11 16:08:16','2024-09-11 16:08:16'),(286,5,'161601025','EMPAQUE RACOR MANGUERA','MOSTRADOR L0',300.0000,500.0000,'2024-09-11 16:08:27','2024-09-11 16:08:27'),(287,5,'161601025','EMPAQUE RACOR MANGUERA','OBRAS L1',250.0000,400.0000,'2024-09-11 16:08:34','2024-09-11 16:08:34'),(288,5,'161601025','EMPAQUE RACOR MANGUERA','DISTRIBUCION L2',200.0000,300.0000,'2024-09-11 16:08:38','2024-09-11 16:08:38'),(289,5,'161602064','CODO SANITARIO CXE DURMAN 90° 3','MOSTRADOR L0',0.0000,8000.0000,'2024-09-11 16:09:01','2024-09-11 16:09:01'),(290,5,'161602064','CODO SANITARIO CXE DURMAN 90° 3','OBRAS L1',0.0000,7500.0000,'2024-09-11 16:09:05','2024-09-11 16:09:05'),(291,5,'161602064','CODO SANITARIO CXE DURMAN 90° 3','DISTRIBUCION L2',0.0000,7000.0000,'2024-09-11 16:09:09','2024-09-11 16:09:09'),(292,5,'161602068','TAPON PRESION ROSCADO LEO 1.1/4','OBRAS L1',0.0000,3500.0000,'2024-09-11 16:09:24','2024-09-11 16:09:24'),(293,5,'161602068','TAPON PRESION ROSCADO LEO 1.1/4','DISTRIBUCION L2',0.0000,3200.0000,'2024-09-11 16:09:28','2024-09-11 16:09:28'),(294,5,'161602078','(SP)CODO SANITARIO GERFOR CXE 90° 6','MOSTRADOR L0',0.0000,134000.0000,'2024-09-11 16:31:59','2024-09-11 16:31:59'),(295,5,'161602078','(SP)CODO SANITARIO GERFOR CXE 90° 6','OBRAS L1',0.0000,127000.0000,'2024-09-11 16:32:06','2024-09-11 16:32:06'),(296,5,'161602078','(SP)CODO SANITARIO GERFOR CXE 90° 6','DISTRIBUCION L2',0.0000,125000.0000,'2024-09-11 16:32:12','2024-09-11 16:32:12'),(297,5,'161602079','(SP)SILLA YEE ALCANT GERFOR 8X6','MOSTRADOR L0',0.0000,90100.0000,'2024-09-11 16:33:23','2024-09-11 16:33:23'),(298,5,'161602079','(SP)SILLA YEE ALCANT GERFOR 8X6','OBRAS L1',0.0000,88000.0000,'2024-09-11 16:33:29','2024-09-11 16:33:29'),(299,5,'161602079','(SP)SILLA YEE ALCANT GERFOR 8X6','DISTRIBUCION L2',0.0000,85000.0000,'2024-09-11 16:33:36','2024-09-11 16:33:36'),(300,5,'161602080','(SP)TEE SANITARIA REDUC DOBLE IMPORT 4X2','DISTRIBUCION L2',0.0000,18600.0000,'2024-09-11 16:33:54','2024-09-11 16:33:54'),(301,5,'161604010','(SP)ADAPTADOR ALCANT GERFOR 8','MOSTRADOR L0',0.0000,93500.0000,'2024-09-11 16:34:27','2024-09-11 16:34:27'),(302,5,'161604010','(SP)ADAPTADOR ALCANT GERFOR 8','OBRAS L1',0.0000,92700.0000,'2024-09-11 16:34:33','2024-09-11 16:34:33'),(303,5,'161604010','(SP)ADAPTADOR ALCANT GERFOR 8','DISTRIBUCION L2',0.0000,92000.0000,'2024-09-11 16:34:38','2024-09-11 16:34:38'),(304,5,'161605073','(SP)FLANGER PRES PVC DURMAN 150MM 6','MOSTRADOR L0',0.0000,68000.0000,'2024-09-11 16:36:25','2024-09-11 16:36:25'),(305,5,'161605073','(SP)FLANGER PRES PVC DURMAN 150MM 6','OBRAS L1',0.0000,0.0000,'2024-09-11 16:36:39','2024-09-11 16:36:39'),(306,5,'161605073','(SP)FLANGER PRES PVC DURMAN 150MM 6','DISTRIBUCION L2',0.0000,60000.0000,'2024-09-11 16:36:46','2024-09-11 16:36:46'),(307,5,'161605079','BUJE PRESION SOLDADO LEO 2X1.1/2','MOSTRADOR L0',0.0000,6000.0000,'2024-09-11 16:37:06','2024-09-11 16:37:06'),(308,5,'161605079','BUJE PRESION SOLDADO LEO 2X1.1/2','OBRAS L1',0.0000,5500.0000,'2024-09-11 16:37:12','2024-09-11 16:37:12'),(309,5,'161605079','BUJE PRESION SOLDADO LEO 2X1.1/2','DISTRIBUCION L2',0.0000,5000.0000,'2024-09-11 16:37:19','2024-09-11 16:37:19'),(310,5,'161612008','INSTALACION D/REJILLA P/PISLO ANTC 1.1/2','OBRAS L1',0.0000,24000.0000,'2024-09-11 16:38:31','2024-09-11 16:38:31'),(311,5,'161612008','INSTALACION D/REJILLA P/PISLO ANTC 1.1/2','DISTRIBUCION L2',0.0000,23000.0000,'2024-09-11 16:38:37','2024-09-11 16:38:37'),(312,5,'161617013','TUBO PRESION LEO RDE21 3/4 6MTS','MOSTRADOR L0',0.0000,15500.0000,'2024-09-11 16:38:57','2024-09-11 16:38:57'),(313,5,'161617013','TUBO PRESION LEO RDE21 3/4 6MTS','OBRAS L1',0.0000,15000.0000,'2024-09-11 16:39:02','2024-09-11 16:39:02'),(314,5,'161617013','TUBO PRESION LEO RDE21 3/4 6MTS','DISTRIBUCION L2',0.0000,14400.0000,'2024-09-11 16:39:07','2024-09-11 16:39:07'),(315,5,'161622003','SIFON EN P FERMETAL BLANCO 1.1/2','MOSTRADOR L0',0.0000,7021.6700,'2024-09-11 16:39:27','2024-09-11 16:39:27'),(316,5,'161622003','SIFON EN P FERMETAL BLANCO 1.1/2','OBRAS L1',0.0000,6700.0000,'2024-09-11 16:39:32','2024-09-11 16:39:32'),(317,5,'161622003','SIFON EN P FERMETAL BLANCO 1.1/2','DISTRIBUCION L2',0.0000,6200.0000,'2024-09-11 16:39:39','2024-09-11 16:39:39'),(318,5,'161622003','SIFON EN P FERMETAL BLANCO 1.1/2','MOSTRADOR L0',7021.6700,7021.0000,'2024-09-11 16:39:49','2024-09-11 16:39:49'),(319,5,'170100043','(D)ABRAZADERA CREMALLERA 1/2(11mm-20mm)','METROPOLIS L0',600.0000,700.0000,'2024-09-11 16:40:01','2024-09-11 16:40:01'),(320,5,'170100043','(D)ABRAZADERA CREMALLERA 1/2(11mm-20mm)','METROPOLIS L2',0.0000,500.0000,'2024-09-11 16:40:06','2024-09-11 16:40:06'),(321,5,'170200025','(SP)BISAGRA ARMILLAR INDUMA 4','MOSTRADOR L0',700.0000,2500.0000,'2024-09-11 16:48:56','2024-09-11 16:48:56'),(322,5,'170200025','(SP)BISAGRA ARMILLAR INDUMA 4','OBRAS L1',700.0000,2000.0000,'2024-09-11 16:49:01','2024-09-11 16:49:01'),(323,5,'170200025','(SP)BISAGRA ARMILLAR INDUMA 4','DISTRIBUCION L2',0.0000,2300.0000,'2024-09-11 16:49:10','2024-09-11 16:49:10'),(324,5,'170200025','(SP)BISAGRA ARMILLAR INDUMA 4','MOSTRADOR L0',2500.0000,3000.0000,'2024-09-11 16:49:17','2024-09-11 16:49:17'),(325,5,'170200025','(SP)BISAGRA ARMILLAR INDUMA 4','OBRAS L1',2000.0000,2600.0000,'2024-09-11 16:49:22','2024-09-11 16:49:22'),(326,5,'170600066','CERRADURA GATO MASTER 21','MOSTRADOR L0',9100.0000,10500.0000,'2024-09-11 16:49:47','2024-09-11 16:49:47'),(327,5,'170600066','CERRADURA GATO MASTER 21','DISTRIBUCION L2',0.0000,9000.0000,'2024-09-11 16:49:59','2024-09-11 16:49:59'),(328,5,'888888808','(SP)SILICONA GRIS UNITEC 85GR','MOSTRADOR L0',4000.0000,3500.0000,'2024-09-11 16:50:25','2024-09-11 16:50:25'),(329,5,'888888808','(SP)SILICONA GRIS UNITEC 85GR','OBRAS L1',0.0000,3000.0000,'2024-09-11 16:50:30','2024-09-11 16:50:30'),(330,5,'888888808','(SP)SILICONA GRIS UNITEC 85GR','DISTRIBUCION L2',0.0000,2800.0000,'2024-09-11 16:50:35','2024-09-11 16:50:35');
/*!40000 ALTER TABLE `histprecios` ENABLE KEYS */;
UNLOCK TABLES;

--
-- Table structure for table `personas`
--

DROP TABLE IF EXISTS `personas`;
/*!40101 SET @saved_cs_client     = @@character_set_client */;
/*!40101 SET character_set_client = utf8 */;
CREATE TABLE `personas` (
  `id_persona` int(11) NOT NULL AUTO_INCREMENT,
  `id_operador` int(11) NOT NULL,
  `per_cladoc` varchar(45) COLLATE utf8_spanish_ci NOT NULL,
  `per_docume` varchar(45) COLLATE utf8_spanish_ci NOT NULL,
  `per_nombre` varchar(45) COLLATE utf8_spanish_ci NOT NULL,
  `per_telefono` varchar(45) COLLATE utf8_spanish_ci NOT NULL,
  `per_corper` varchar(45) COLLATE utf8_spanish_ci NOT NULL,
  `per_corcop` varchar(45) COLLATE utf8_spanish_ci NOT NULL,
  `per_estado` varchar(45) COLLATE utf8_spanish_ci NOT NULL DEFAULT '1',
  `per_fecope` timestamp NOT NULL DEFAULT current_timestamp(),
  `per_fecupd` timestamp NOT NULL DEFAULT current_timestamp() ON UPDATE current_timestamp(),
  PRIMARY KEY (`id_persona`)
) ENGINE=InnoDB AUTO_INCREMENT=81 DEFAULT CHARSET=utf8 COLLATE=utf8_spanish_ci;
/*!40101 SET character_set_client = @saved_cs_client */;

--
-- Dumping data for table `personas`
--

LOCK TABLES `personas` WRITE;
/*!40000 ALTER TABLE `personas` DISABLE KEYS */;
INSERT INTO `personas` VALUES (1,1,'CEDULA','1082882409','ACEVEDO GOMEZ ELIZABETH','3117721662','ELIZABETHACEVEDOGOMEZ0@GMAIL.COM','eacevedo@metropolisdelacosta.com','1','0000-00-00 00:00:00','0000-00-00 00:00:00'),(2,1,'CEDULA','1007900088','ADARRAGA BERDUGO LAURA VANESSA','3002950778','lauraadarraga5@gmail.com','rrhha@metropolisdelacosta.com','1','0000-00-00 00:00:00','0000-00-00 00:00:00'),(3,1,'NIT MIXTO','1128194021','ALBOR CORONADO JULIETH PAOLA','3004801667','juliethalbor17@gmail.com','cartera@metropolisdelacosta.com','1','0000-00-00 00:00:00','0000-00-00 00:00:00'),(4,1,'CEDULA','1082918441','ALTAMIRANDA ATENCIO JUSETH DAVID','3024078342','jusethaltamiranda@gmail.com','','1','0000-00-00 00:00:00','0000-00-00 00:00:00'),(5,1,'CEDULA','1193046592','APARICIO SUAREZ MAYRA ALEJANDRA','','','','1','0000-00-00 00:00:00','0000-00-00 00:00:00'),(6,1,'CEDULA','12636992','ARENAS CABALLERO EDWIN ENRIQUE','3012222093 -  3046065421',' edwinarenas432@gmail.com','','1','0000-00-00 00:00:00','0000-00-00 00:00:00'),(7,1,'CEDULA','1083040752','ARIAS DAVILA IVAN EDUARDO','3205786310','ivaneduarias@gmail.com','','1','0000-00-00 00:00:00','0000-00-00 00:00:00'),(8,1,'CEDULA','1083458463','ARIZA HERRERA JHONATAN SEGUNDO','3043897980','jhonatanariza831@gmail.com','','1','0000-00-00 00:00:00','0000-00-00 00:00:00'),(9,1,'CEDULA','1082891362','ARRIETA ALENDRALES LILIANA PAOLA','3104485096','lili_240189@hotmail.com','','1','0000-00-00 00:00:00','0000-00-00 00:00:00'),(10,1,'CEDULA','1045689957','ARRIETA BLANCO FABIAN ANDRES','3013996994','f.arrieta@outlook.com','','1','0000-00-00 00:00:00','0000-00-00 00:00:00'),(11,1,'CEDULA','63484295','BAUTISTA SANCHEZ CONSUELO','3013866172','consuelobs2010@hotmail.com','','1','0000-00-00 00:00:00','0000-00-00 00:00:00'),(12,1,'CEDULA DE EXTRANJERIA','5293593','BRACHO MELENDEZ FRANCISCO JAVIER','','fjbm31122002@hotmail.com','','1','0000-00-00 00:00:00','0000-00-00 00:00:00'),(13,1,'CEDULA','1080420940','BENAVIDES JIMENEZ KATIANA MARCELA','3023596694','kattyb727@gmail.com','','1','0000-00-00 00:00:00','0000-00-00 00:00:00'),(14,1,'CEDULA','7630377','BLANCO VACCA EFRAIN','3106611098','efrainblancovaca@gmail.com','','1','0000-00-00 00:00:00','0000-00-00 00:00:00'),(15,1,'CEDULA','12629264','CABRERA GARCIA NELSON DE JESUS','3103649392','nelsoncabrera2612@gmail.com','','1','0000-00-00 00:00:00','0000-00-00 00:00:00'),(16,1,'CEDULA','1082933322','CABRERA JIMENEZ VALENTINA BEATRIZ','3022667395','valentinabcj@gmail.com','','1','0000-00-00 00:00:00','0000-00-00 00:00:00'),(17,1,'CEDULA','1193534792','CABRERA MERI?O GLADYS MARIA','3042259671','cabreragladys347@gmail.com','','1','0000-00-00 00:00:00','0000-00-00 00:00:00'),(18,1,'CEDULA','8645287','CANTILLO POLO CARLOS','3042983540','cantillopolocarlos2022@gmail.com','','1','0000-00-00 00:00:00','0000-00-00 00:00:00'),(19,1,'CEDULA','1004378842','CAMELO MARTINEZ IVAN RENE','3012907761','ivanrenecamelo10@gmail.com','','1','0000-00-00 00:00:00','0000-00-00 00:00:00'),(20,1,'CEDULA','63489474','CARRE?O ARDILA SONIA PATRICIA','3004857482','soniapa.mauro@gmail.com','','1','0000-00-00 00:00:00','0000-00-00 00:00:00'),(21,1,'CEDULA','85477152','CARRILLO BARBOSA EVER','3006153905','evercarrillo360@gmail.com','','1','0000-00-00 00:00:00','0000-00-00 00:00:00'),(22,1,'CEDULA','12635706','CASAS CASAS FAIBER ARNOL','3202353075','FAIBERCASAS@GMAIL.COM','','1','0000-00-00 00:00:00','0000-00-00 00:00:00'),(23,1,'CEDULA','84456361','CASAS CRUZ JUAN CARLOS','4205640 - 3108297983','jcc_va@hotmail.com','','1','0000-00-00 00:00:00','0000-00-00 00:00:00'),(24,1,'CEDULA','7629951','CASTRO CASTRO OSVALDIR','3166402332/4229130','familicastro2014@hotmail.com','','1','0000-00-00 00:00:00','0000-00-00 00:00:00'),(25,1,'CEDULA','1124048121','CRUZATE GONZALEZ JAN CARLOS','3008081677','jeankrlos1994@outlook.es','','1','0000-00-00 00:00:00','0000-00-00 00:00:00'),(26,1,'CEDULA','1082855203','CHIQUILLO ACU?A DAYANIS LILIBETH ','3022868255','dayanisjin@gmail.com','','1','0000-00-00 00:00:00','0000-00-00 00:00:00'),(27,1,'CEDULA','19597263','DE AVILA VEGA YERALDO DE JESUS','3106229835','yeraldodeavilavega73@gmail.com','','1','0000-00-00 00:00:00','0000-00-00 00:00:00'),(28,1,'CEDULA','1129575575','DE LA CRUZ ALCALA PAUL','3004646807','mansivo@gmail.com','','1','0000-00-00 00:00:00','0000-00-00 00:00:00'),(29,1,'CEDULA','1221975835','DURAN BUELVAS BRANDON JOSE','3125624611','bjdbbrandon@gmail.com','','1','0000-00-00 00:00:00','0000-00-00 00:00:00'),(30,1,'CEDULA DE EXTRANJERIA','1495618','ELLES MONTES RODOLFO ANDRES ','3017332140','rodolfo.re59@gmail.com','','1','0000-00-00 00:00:00','0000-00-00 00:00:00'),(31,1,'CEDULA','12622059','FERNANDEZ MARTINEZ ROYCER','3014718410','roycer813@gmail.com','','1','0000-00-00 00:00:00','0000-00-00 00:00:00'),(32,1,'CEDULA','84454033','FLOREZ VELASQUEZ IVAN DARIO','3043324260 - 4393705','dariflorez89@gmail.com','','1','0000-00-00 00:00:00','0000-00-00 00:00:00'),(33,1,'CEDULA','1082917860','GONZALEZ CANTILLO LIZETH TATIANA','3233521000','lisethgonzalez383@gmail.com','','1','0000-00-00 00:00:00','0000-00-00 00:00:00'),(34,1,'CEDULA','1083020172','GONZALEZ NU?ES JOSE ANTONIO','3057583218','JOSEANGONU2212@GMAIL.COM','','0','0000-00-00 00:00:00','0000-00-00 00:00:00'),(35,1,'CEDULA','1080422496','GUALDRON GRANADOS ALEXA PAOLA','3045407266','alexagualdron99@gmail.com','','1','0000-00-00 00:00:00','0000-00-00 00:00:00'),(36,1,'CEDULA','1004382427','HERNANDEZ  ALGARIN DIOMEDES DE JESUS','3042178177-3147262848','diomedesh30@gmail.com','','1','0000-00-00 00:00:00','0000-00-00 00:00:00'),(37,1,'CEDULA','1083435173','HERNANDEZ LOPEZ JHON ESNEIDER','3148643719-3127898778','jhonhernandez0630@gmail.com','','0','0000-00-00 00:00:00','0000-00-00 00:00:00'),(38,1,'CEDULA','26670424','JIMENEZ CAMARGO LORENA','3022141116','lopajica1314@gmail.com','','1','0000-00-00 00:00:00','0000-00-00 00:00:00'),(39,1,'CEDULA','1221967870','LATTA LOPEZ AYLEN ARMANDO','3234483834','aylenlatta@hotmail.com','','1','0000-00-00 00:00:00','0000-00-00 00:00:00'),(40,1,'CEDULA','1081923441','LOPEZ MENDEZ EDGAR MANUEL','3205062137','elopezm94@hotmail.com','','1','0000-00-00 00:00:00','0000-00-00 00:00:00'),(41,1,'CEDULA','1082832313','LOPEZ NAVARRO JHONY ANDRES','3205100017','jhonyln2003@gmail.com','','1','0000-00-00 00:00:00','0000-00-00 00:00:00'),(42,1,'CEDULA','7630596','MACHADO NOGOA MELQUICEDET','3015917518','melkis_1234@hotmail.com','','1','0000-00-00 00:00:00','0000-00-00 00:00:00'),(43,1,'CEDULA','1004361167','MADRID GARCIA JANNY LUCIA','3022630709','jannyluciam@gmail.com','','1','0000-00-00 00:00:00','0000-00-00 00:00:00'),(44,1,'CEDULA','1221980277','MARTINEZ FLORAISON VALENTINA ','3004353225','valentinafloraison@gmail.com','','0','0000-00-00 00:00:00','0000-00-00 00:00:00'),(45,1,'CEDULA','8734749','MEJIA MACHADO CLAUDIO ANTONIO','3052364804','darlisdazam1985@gmail.com','','1','0000-00-00 00:00:00','0000-00-00 00:00:00'),(46,1,'CEDULA','1082868875','MENA BARRIOS ALBERTO NICOLAS','3234566808','almeba20@hotmail.com','','1','0000-00-00 00:00:00','0000-00-00 00:00:00'),(47,1,'CEDULA','1083035700','MENDIVIL GUTIERREZ JESUS ALBERTO','3016824528','mendi698@hotmail.com','','1','0000-00-00 00:00:00','0000-00-00 00:00:00'),(48,1,'CEDULA','1083005667','MENDOZA OSPINO ANGY MARCELA','3007492353','angie_marce13@hotmail.com','','1','0000-00-00 00:00:00','0000-00-00 00:00:00'),(49,1,'CEDULA','6511586','MENDOZA TORRES BRAYAN ENRIQUE','3206312143','brayanenriquemendoza18@gmail.com','','1','0000-00-00 00:00:00','0000-00-00 00:00:00'),(50,1,'CEDULA','1083555789','NORIEGA MONTERO JOHANNA PAOLA','3023336799 - 3017531876','johannanoriega37@gmail.com','','1','0000-00-00 00:00:00','0000-00-00 00:00:00'),(51,1,'CEDULA','1082890636','NU?EZ POMBO MILAGRO ISABEL','3028563580','nmilagros227@gmail.com','','1','0000-00-00 00:00:00','0000-00-00 00:00:00'),(52,1,'CEDULA','1083017889','OROZCO ARZA JESUS ENRIQUE','3043638145','jesusarza25@gmail.com','','1','0000-00-00 00:00:00','0000-00-00 00:00:00'),(53,1,'CEDULA','1221974129','OROZCO RUIZ ANGIE VANESSA','3005176947 - 3012986852','angiemaju2908@hotmail.com','','1','0000-00-00 00:00:00','0000-00-00 00:00:00'),(54,1,'CEDULA','1004122671','ORTIZ LOBATO IVAN DAVID','3022364212','sincorreo@sincorreo.com','','1','0000-00-00 00:00:00','0000-00-00 00:00:00'),(55,1,'CEDULA DE EXTRANJERIA','5777753','PADILLA PALOMARES JESUS OSWALDO','3042271200','yaneliscarolinag@hotmail.com','','1','0000-00-00 00:00:00','0000-00-00 00:00:00'),(56,1,'CEDULA','57461664','PALLARES MONTA?O JANELLYS ESTHER','','janellys-pallares@hotmail.com','','1','0000-00-00 00:00:00','0000-00-00 00:00:00'),(57,1,'CEDULA','1083013446','PAREJO SANCHEZ JINETH','3013535370','jineth.12@hotmail.com','jparejo@metropolisdelacosta.com','1','0000-00-00 00:00:00','0000-00-00 00:00:00'),(58,1,'CEDULA','19590737','PERTUZ OROZCO JULIO CESAR','3023977749','juliopertuz70@outlook.com','','1','0000-00-00 00:00:00','0000-00-00 00:00:00'),(59,1,'CEDULA','1042445199','PRADA RUEDA PEDRO JAVIER','3157299351','jp_20@hotmail.es','','1','0000-00-00 00:00:00','0000-00-00 00:00:00'),(60,1,'CEDULA','1221976754','QUINTO CORONADO ANGELICA','3108475774','angelicaquintoc@gmail.com','','1','0000-00-00 00:00:00','0000-00-00 00:00:00'),(61,1,'CEDULA','1004163505','RACEDO CASTILLO JHOINER SMITH','3244131677','jpenalver201@gmail.com','','1','0000-00-00 00:00:00','0000-00-00 00:00:00'),(62,1,'CEDULA','1043873947','RICARDO CHARRIS LUIS EDUARDO','322883117','luiseduardorixardo@gmail.com','','1','0000-00-00 00:00:00','0000-00-00 00:00:00'),(63,1,'NIT MIXTO','1066062659','RINCON ANGARITA YEIDER ALONSO','3202132752','yrinconangarita@gmail.com','','1','0000-00-00 00:00:00','0000-00-00 00:00:00'),(64,1,'CEDULA','1116665981','RINCON GUTIERREZ JEISSON ANDREY','3106542935 - 3183106778','j.93rincon@gmail.com','','1','0000-00-00 00:00:00','0000-00-00 00:00:00'),(65,1,'CEDULA','12635912','ROCA LLANOS ALFAR DE JESUS','3003853673','alfarroca2312@gmail.com','','1','0000-00-00 00:00:00','0000-00-00 00:00:00'),(66,1,'CEDULA','1082913329','RODRIGUEZ VESGA SILVIA','3004140824','silvisjuli@hotmail.es','','1','0000-00-00 00:00:00','0000-00-00 00:00:00'),(67,1,'CEDULA','84451938','ROMERO URIBE HILDEBRANDO','3013573931','brandoromero0426@gmail.com','','1','0000-00-00 00:00:00','0000-00-00 00:00:00'),(68,1,'CEDULA','1221968085','SARMIENTO MENDOZA MARLON JOSE','3043667528',' marlonsarmen068@gmail.com','','1','0000-00-00 00:00:00','0000-00-00 00:00:00'),(69,1,'CEDULA','1097162576','SIERRA PEREZ YOJAN ANDRES','3188151736','yoansierra11@hotmail.com','','1','0000-00-00 00:00:00','0000-00-00 00:00:00'),(70,1,'CEDULA','1082931929','SIERRA WHITE DIANYS MILETH','3125019365','diannys0929@gmail.com','','1','0000-00-00 00:00:00','0000-00-00 00:00:00'),(71,1,'CEDULA','56089467','TORRES BOJATO ALVIS MARIA','3042837355','alvis.torres2022@gmail.com','ventasferrecasas@@metropolisdelacosta.com','1','0000-00-00 00:00:00','0000-00-00 00:00:00'),(72,2,'CEDULA','1083035672','TORRES FONTALVO JONATHAN JOSE','3007140390','torresfontalvo1218@gmail.com','','1','0000-00-00 00:00:00','2023-06-07 15:06:23'),(73,1,'CEDULA','1083024146','TORRES REYES JUNNINNO ALDAIR','3016574962','esteven465@gmail.com','auxcompras@metropolisdelacosta.com','1','0000-00-00 00:00:00','0000-00-00 00:00:00'),(74,1,'CEDULA','1235539168','TRIGOS TORRES MIGUEL ANDRES','3014407399','miguelyangely06@gmail.com','','1','0000-00-00 00:00:00','0000-00-00 00:00:00'),(75,2,'CEDULA','1083032223','VENGAL MULFORD YIRLEY CAROLINA','4349297','yirleyvengal10@gmail.com','yvengal@metropolisdelacosta.com','1','0000-00-00 00:00:00','2023-06-07 14:57:16'),(76,1,'CEDULA','1082910762','VILLA CA?AS JULIO JOSE','3166363248','julio-0128@hotmail.com','','1','0000-00-00 00:00:00','0000-00-00 00:00:00'),(77,1,'CEDULA','85489755','VILLALOBOS ARIZA GUSTAVO SEGUNDO','3194414794','tavovillalobos79@gmail.com','','1','0000-00-00 00:00:00','0000-00-00 00:00:00'),(78,1,'CEDULA','1084729655','YANCY MIRANDA FREDY RAFAEL','3014509474','fredyyancy28@gmail.com','','1','0000-00-00 00:00:00','0000-00-00 00:00:00'),(79,1,'CEDULA','1005677022','ORTEGA OVIEDO AURA MILENA','3176187250','auraortega-contaduria@outlook.com','auxcontabilidad@metropolisdelacosta.com','1','2024-01-18 16:59:26','2024-01-18 16:59:26'),(80,1,'CEDULA','1221975401','VARELA RADA IVON ANDREA','','','','1','2024-02-21 15:59:49','2024-02-21 16:00:10');
/*!40000 ALTER TABLE `personas` ENABLE KEYS */;
UNLOCK TABLES;

--
-- Table structure for table `roles`
--

DROP TABLE IF EXISTS `roles`;
/*!40101 SET @saved_cs_client     = @@character_set_client */;
/*!40101 SET character_set_client = utf8 */;
CREATE TABLE `roles` (
  `id_rol` int(11) NOT NULL AUTO_INCREMENT,
  `rol_nombre` varchar(45) COLLATE utf8_spanish_ci NOT NULL,
  PRIMARY KEY (`id_rol`)
) ENGINE=InnoDB AUTO_INCREMENT=6 DEFAULT CHARSET=utf8 COLLATE=utf8_spanish_ci;
/*!40101 SET character_set_client = @saved_cs_client */;

--
-- Dumping data for table `roles`
--

LOCK TABLES `roles` WRITE;
/*!40000 ALTER TABLE `roles` DISABLE KEYS */;
INSERT INTO `roles` VALUES (1,'ASESOR'),(2,'COORDINADOR'),(3,'SUPERVISOR'),(4,'ADMINISTRADOR'),(5,'CARTERA');
/*!40000 ALTER TABLE `roles` ENABLE KEYS */;
UNLOCK TABLES;

--
-- Table structure for table `sedes`
--

DROP TABLE IF EXISTS `sedes`;
/*!40101 SET @saved_cs_client     = @@character_set_client */;
/*!40101 SET character_set_client = utf8 */;
CREATE TABLE `sedes` (
  `id_sede` int(11) NOT NULL AUTO_INCREMENT,
  `sed_nombre` varchar(45) DEFAULT NULL,
  `sed_direccion` varchar(45) DEFAULT NULL,
  `sed_estado` bigint(20) NOT NULL DEFAULT 1,
  PRIMARY KEY (`id_sede`)
) ENGINE=InnoDB AUTO_INCREMENT=5 DEFAULT CHARSET=utf8mb4;
/*!40101 SET character_set_client = @saved_cs_client */;

--
-- Dumping data for table `sedes`
--

LOCK TABLES `sedes` WRITE;
/*!40000 ALTER TABLE `sedes` DISABLE KEYS */;
INSERT INTO `sedes` VALUES (1,'CERAMICASAS','Calle 17 No. 18 - 61',0),(2,'FERRECASAS','Calle 17 No. 18 - 105',0),(3,'METROPOLIS','Carrera 19 No. 29S - 12 C5',1),(4,'MAYORISTA','Calle 20 No. 30 - 05',1);
/*!40000 ALTER TABLE `sedes` ENABLE KEYS */;
UNLOCK TABLES;

--
-- Table structure for table `usuarios`
--

DROP TABLE IF EXISTS `usuarios`;
/*!40101 SET @saved_cs_client     = @@character_set_client */;
/*!40101 SET character_set_client = utf8 */;
CREATE TABLE `usuarios` (
  `id_usuario` int(11) NOT NULL AUTO_INCREMENT,
  `id_operador` int(11) NOT NULL,
  `id_persona` int(11) NOT NULL,
  `id_sede` int(11) NOT NULL,
  `id_area` int(11) NOT NULL,
  `id_rol` int(11) NOT NULL,
  `user_nombre` varchar(100) NOT NULL,
  `user_password` varchar(250) NOT NULL,
  `user_estado` int(11) NOT NULL,
  `user_fecope` timestamp NOT NULL DEFAULT current_timestamp(),
  `user_fecupd` timestamp NOT NULL DEFAULT current_timestamp() ON UPDATE current_timestamp(),
  PRIMARY KEY (`id_usuario`)
) ENGINE=InnoDB AUTO_INCREMENT=6 DEFAULT CHARSET=utf8mb4;
/*!40101 SET character_set_client = @saved_cs_client */;

--
-- Dumping data for table `usuarios`
--

LOCK TABLES `usuarios` WRITE;
/*!40000 ALTER TABLE `usuarios` DISABLE KEYS */;
INSERT INTO `usuarios` VALUES (1,1,10,3,10,4,'FARRIETA','21232f297a57a5a743894a0e4a801fc3',1,'2024-03-03 01:30:00','2024-08-27 16:21:15'),(2,1,20,3,2,1,'SONIAC','81dc9bdb52d04dc20036dbd8313ed055',1,'2024-03-03 01:30:00','2024-03-03 01:30:00'),(3,1,11,3,8,3,'CONSUELOB','202cb962ac59075b964b07152d234b70',1,'2024-03-03 01:30:00','2024-03-03 01:30:00'),(4,1,76,3,5,3,'JULIOV','202cb962ac59075b964b07152d234b70',1,'2024-03-04 19:56:41','2024-03-04 19:57:33'),(5,1,73,3,5,3,'JUNINNOT','827ccb0eea8a706c4c34a16891f84e7b',1,'2024-08-28 01:27:41','2024-08-28 01:28:41');
/*!40000 ALTER TABLE `usuarios` ENABLE KEYS */;
UNLOCK TABLES;
/*!40103 SET TIME_ZONE=@OLD_TIME_ZONE */;

/*!40101 SET SQL_MODE=@OLD_SQL_MODE */;
/*!40014 SET FOREIGN_KEY_CHECKS=@OLD_FOREIGN_KEY_CHECKS */;
/*!40014 SET UNIQUE_CHECKS=@OLD_UNIQUE_CHECKS */;
/*!40101 SET CHARACTER_SET_CLIENT=@OLD_CHARACTER_SET_CLIENT */;
/*!40101 SET CHARACTER_SET_RESULTS=@OLD_CHARACTER_SET_RESULTS */;
/*!40101 SET COLLATION_CONNECTION=@OLD_COLLATION_CONNECTION */;
/*!40111 SET SQL_NOTES=@OLD_SQL_NOTES */;

-- Dump completed on 2024-09-12  6:21:09
